{
  "Version": 1,
  "WorkspaceRootPath": "C:\\Users\\beatu\\Downloads\\bloxtools entire source\\",
  "Documents": [
    {
      "AbsoluteMoniker": "D:0:0:{A2FE74E1-B743-11D0-AE1A-00A0C90FFFC3}|\u003CMiscFiles\u003E|C:\\Users\\beatu\\Downloads\\bloxtools entire source\\bloxtools entire source\\reasrc\\txt\\webhooks.txt||{8B382828-6202-11D1-8870-0000F87579D2}",
      "RelativeMoniker": "D:0:0:{A2FE74E1-B743-11D0-AE1A-00A0C90FFFC3}|\u003CMiscFiles\u003E|solutionrelative:bloxtools entire source\\reasrc\\txt\\webhooks.txt||{8B382828-6202-11D1-8870-0000F87579D2}"
    }
  ],
  "DocumentGroupContainers": [
    {
      "Orientation": 0,
      "VerticalTabListWidth": 256,
      "DocumentGroups": [
        {
          "DockedWidth": 200,
          "SelectedChildIndex": 0,
          "Children": [
            {
              "$type": "Document",
              "DocumentIndex": 0,
              "Title": "webhooks.txt",
              "DocumentMoniker": "C:\\Users\\beatu\\Downloads\\bloxtools entire source\\bloxtools entire source\\reasrc\\txt\\webhooks.txt",
              "RelativeDocumentMoniker": "bloxtools entire source\\reasrc\\txt\\webhooks.txt",
              "ToolTip": "C:\\Users\\beatu\\Downloads\\bloxtools entire source\\bloxtools entire source\\reasrc\\txt\\webhooks.txt",
              "RelativeToolTip": "bloxtools entire source\\reasrc\\txt\\webhooks.txt",
              "ViewState": "AQIAAAAAAAAAAAAAAAAAAAAAAAAHAAAA",
              "Icon": "ae27a6b0-e345-4288-96df-5eaf394ee369.003109|",
              "WhenOpened": "2024-09-02T14:47:00.504Z",
              "EditorCaption": ""
            }
          ]
        }
      ]
    }
  ]
}